RA,DEC,NAME,STATUS
71.5085833,-62.4041389,237,666
66.4151667,-64.4605,234,666
4.443125,-69.1486111,6,666
53.440625,-30.3148889,56,666
319.3525,-35.9165556,189,666
314.67075,-48.5573889,187,666
13.0451667,-1.1171389,20,666
