RA,DEC,Group
66.7155833,-49.1161944,235
66.7280833,-49.1176667,235
66.7312917,-49.1246944,235
66.7572917,-49.1238333,235
66.7724167,-49.1146389,235
